type,value
image_mean,0.5892411470413208
image_mean,0.6035214066505432
image_mean,0.7205259799957275
image_std,0.16615304350852966
image_std,0.1514727622270584
image_std,0.11708240956068039
gene_mean,2.303438663482666
gene_mean,2.496974468231201
gene_mean,2.989028215408325
gene_mean,1.2435609102249146
gene_mean,2.805182456970215
gene_mean,2.7983109951019287
gene_mean,2.8310933113098145
gene_mean,1.0606250762939453
gene_mean,2.8256711959838867
gene_mean,2.615048885345459
gene_mean,2.648848056793213
gene_mean,2.628519058227539
gene_mean,2.5966687202453613
gene_mean,2.290342330932617
gene_mean,2.4987571239471436
gene_mean,2.433009624481201
gene_mean,2.3955025672912598
gene_mean,2.405547857284546
gene_mean,1.9638901948928833
gene_mean,2.142472267150879
gene_mean,2.257765769958496
gene_mean,2.134920597076416
gene_mean,2.2424001693725586
gene_mean,2.1880791187286377
gene_mean,2.1651268005371094
gene_mean,2.024351119995117
gene_mean,2.120826482772827
gene_mean,2.106557607650757
gene_mean,1.738105058670044
gene_mean,2.0351603031158447
gene_mean,2.075944662094116
gene_mean,2.130366325378418
gene_mean,2.1100432872772217
gene_mean,2.0385611057281494
gene_mean,2.050304412841797
gene_mean,2.113553047180176
gene_mean,1.6367145776748657
gene_mean,2.1114935874938965
gene_mean,2.0259392261505127
gene_mean,2.104377508163452
gene_mean,2.12160062789917
gene_mean,2.053100109100342
gene_mean,2.0000884532928467
gene_mean,1.5366982221603394
gene_mean,1.38057541847229
gene_mean,1.3984591960906982
gene_mean,1.9758682250976562
gene_mean,1.8585107326507568
gene_mean,1.8557066917419434
gene_mean,1.912710189819336
gene_mean,1.915107011795044
gene_mean,1.9336867332458496
gene_mean,1.8454790115356445
gene_mean,1.9113192558288574
gene_mean,1.8727411031723022
gene_mean,1.8459906578063965
gene_mean,1.8066625595092773
gene_mean,1.7698657512664795
gene_mean,1.4458235502243042
gene_mean,1.7128345966339111
gene_mean,1.876820683479309
gene_mean,1.8142766952514648
gene_mean,1.5289313793182373
gene_mean,1.7615612745285034
gene_mean,1.7578448057174683
gene_mean,1.7445387840270996
gene_mean,1.3162461519241333
gene_mean,1.801222801208496
gene_mean,1.5596623420715332
gene_mean,1.7725574970245361
gene_mean,1.7685586214065552
gene_mean,1.6035006046295166
gene_mean,1.6804369688034058
gene_mean,1.6629226207733154
gene_mean,1.6726373434066772
gene_mean,1.5005720853805542
gene_mean,1.5661406517028809
gene_mean,1.550816535949707
gene_mean,1.5477089881896973
gene_mean,1.5714374780654907
gene_mean,1.4333229064941406
gene_mean,1.5669560432434082
gene_mean,1.3595240116119385
gene_mean,1.5294344425201416
gene_mean,0.8974572420120239
gene_mean,1.5227534770965576
gene_mean,1.3200335502624512
gene_mean,1.493584156036377
gene_mean,1.2860848903656006
gene_mean,1.5009162425994873
gene_mean,1.514534831047058
gene_mean,1.431400179862976
gene_mean,1.527524709701538
gene_mean,1.5043305158615112
gene_mean,1.3306077718734741
gene_mean,1.4348894357681274
gene_mean,1.400522232055664
gene_mean,1.464653730392456
gene_mean,1.4156534671783447
gene_mean,1.4295316934585571
gene_mean,1.472427487373352
gene_mean,1.3652286529541016
gene_mean,1.4017974138259888
gene_mean,1.434203028678894
gene_mean,1.2067842483520508
gene_mean,1.2534250020980835
gene_mean,1.352240800857544
gene_mean,1.3754472732543945
gene_mean,1.224332332611084
gene_mean,1.4463131427764893
gene_mean,1.2117180824279785
gene_mean,1.3586431741714478
gene_mean,1.3321725130081177
gene_mean,1.2592006921768188
gene_mean,1.3788516521453857
gene_mean,1.2680937051773071
gene_mean,1.1816966533660889
gene_mean,1.3172369003295898
gene_mean,1.378287434577942
gene_mean,1.3201254606246948
gene_mean,1.2972700595855713
gene_mean,1.3083655834197998
gene_mean,1.2183865308761597
gene_mean,1.0980169773101807
gene_mean,1.2692592144012451
gene_mean,1.0556012392044067
gene_mean,1.3540891408920288
gene_mean,1.3092368841171265
gene_mean,1.320777416229248
gene_mean,0.9553042650222778
gene_mean,1.3096600770950317
gene_mean,1.2642159461975098
gene_mean,1.1908894777297974
gene_mean,1.2477953433990479
gene_mean,1.0061683654785156
gene_mean,1.2315043210983276
gene_mean,1.1251819133758545
gene_mean,1.17750883102417
gene_mean,1.2169380187988281
gene_mean,1.1138098239898682
gene_mean,1.1730940341949463
gene_mean,1.1001029014587402
gene_mean,0.7926599979400635
gene_mean,1.1629509925842285
gene_mean,1.1332635879516602
gene_mean,1.1967958211898804
gene_mean,1.16497802734375
gene_mean,1.202268123626709
gene_mean,1.1799405813217163
gene_mean,1.187750220298767
gene_mean,1.0740962028503418
gene_mean,1.1732958555221558
gene_mean,1.102083683013916
gene_mean,0.9497185945510864
gene_mean,1.1582376956939697
gene_mean,0.8625909090042114
gene_mean,1.0813922882080078
gene_mean,1.2122188806533813
gene_mean,1.1068363189697266
gene_mean,1.00299072265625
gene_mean,1.1044132709503174
gene_mean,1.19570791721344
gene_mean,0.9173916578292847
gene_mean,1.1286526918411255
gene_mean,1.1051467657089233
gene_mean,1.1130608320236206
gene_mean,1.1084855794906616
gene_mean,1.0096384286880493
gene_mean,1.0881456136703491
gene_mean,1.0372028350830078
gene_mean,1.0406495332717896
gene_mean,1.1288665533065796
gene_mean,1.093836784362793
gene_mean,1.1653125286102295
gene_mean,1.1141119003295898
gene_mean,0.966227650642395
gene_mean,1.108128309249878
gene_mean,1.0628865957260132
gene_mean,1.0789740085601807
gene_mean,1.12612783908844
gene_mean,1.0176141262054443
gene_mean,1.1103039979934692
gene_mean,1.1138999462127686
gene_mean,1.0951957702636719
gene_mean,1.0546998977661133
gene_mean,1.0817993879318237
gene_mean,1.0278189182281494
gene_mean,1.070554494857788
gene_mean,1.0072189569473267
gene_mean,1.0580193996429443
gene_mean,1.0655696392059326
gene_mean,0.9814445972442627
gene_mean,1.0445235967636108
gene_mean,1.0826436281204224
gene_mean,1.0313209295272827
gene_mean,1.0915144681930542
gene_mean,1.055443525314331
gene_mean,1.1121351718902588
gene_mean,1.0131449699401855
gene_mean,1.0363720655441284
gene_mean,0.9744685292243958
gene_mean,1.0602188110351562
gene_mean,1.0233526229858398
gene_mean,0.9974222779273987
gene_mean,1.0620887279510498
gene_mean,0.8245763182640076
gene_mean,1.012579321861267
gene_mean,1.0545393228530884
gene_mean,0.9768062829971313
gene_mean,0.981762707233429
gene_mean,1.0262700319290161
gene_mean,0.9542579650878906
gene_mean,1.0844935178756714
gene_mean,0.9471291899681091
gene_mean,0.5745709538459778
gene_mean,1.0780056715011597
gene_mean,0.9691492319107056
gene_mean,1.0266011953353882
gene_mean,0.9982955455780029
gene_mean,1.0284886360168457
gene_mean,1.0373780727386475
gene_mean,0.9608231782913208
gene_mean,1.0012177228927612
gene_mean,0.9860929846763611
gene_mean,1.030192494392395
gene_mean,1.0063046216964722
gene_mean,0.9053434133529663
gene_mean,0.6121849417686462
gene_mean,1.0429017543792725
gene_mean,1.0396393537521362
gene_mean,0.9981616139411926
gene_mean,0.9341254234313965
gene_mean,0.8840118646621704
gene_mean,1.0234689712524414
gene_mean,0.9049317240715027
gene_mean,0.9953776597976685
gene_mean,0.7812739014625549
gene_mean,1.0098235607147217
gene_mean,0.9554742574691772
gene_mean,0.8972284197807312
gene_mean,0.9349631667137146
gene_mean,0.9615691304206848
gene_mean,0.9959059953689575
gene_mean,0.9753317832946777
gene_mean,0.9379982352256775
gene_mean,0.9330393671989441
gene_mean,0.9571825265884399
gene_mean,0.9802417159080505
gene_mean,0.8562104105949402
gene_mean,0.8498926162719727
gene_std,1.1767381429672241
gene_std,1.449945092201233
gene_std,0.7918206453323364
gene_std,1.66240394115448
gene_std,0.964156448841095
gene_std,0.8336389064788818
gene_std,0.798772394657135
gene_std,1.7951030731201172
gene_std,0.6765367984771729
gene_std,0.8582669496536255
gene_std,0.8008996248245239
gene_std,0.8130977153778076
gene_std,0.8023512959480286
gene_std,1.1750191450119019
gene_std,0.8149493336677551
gene_std,0.8814517259597778
gene_std,0.8393622040748596
gene_std,0.7490311861038208
gene_std,1.003954529762268
gene_std,0.9469037652015686
gene_std,0.849058210849762
gene_std,0.8980632424354553
gene_std,0.7554184794425964
gene_std,0.8069599866867065
gene_std,0.8196653127670288
gene_std,0.9178743958473206
gene_std,0.8573287129402161
gene_std,0.8453540802001953
gene_std,1.1458170413970947
gene_std,0.9161149263381958
gene_std,0.8708948493003845
gene_std,0.7703354358673096
gene_std,0.7884937524795532
gene_std,0.8588544726371765
gene_std,0.8587403893470764
gene_std,0.7767431735992432
gene_std,1.2104130983352661
gene_std,0.7347503900527954
gene_std,0.8372557759284973
gene_std,0.7492634057998657
gene_std,0.7033591270446777
gene_std,0.7792576551437378
gene_std,0.825904130935669
gene_std,1.2580931186676025
gene_std,1.176696538925171
gene_std,1.2733827829360962
gene_std,0.7919650673866272
gene_std,0.8655422925949097
gene_std,0.9356085062026978
gene_std,0.8285492062568665
gene_std,0.8037387728691101
gene_std,0.7969468832015991
gene_std,0.8682428598403931
gene_std,0.7988576292991638
gene_std,0.8329471945762634
gene_std,0.8390193581581116
gene_std,0.9007295966148376
gene_std,0.8996708393096924
gene_std,1.1488208770751953
gene_std,0.9523223042488098
gene_std,0.7793191075325012
gene_std,0.8350369334220886
gene_std,1.0563993453979492
gene_std,0.8840449452400208
gene_std,0.8472723960876465
gene_std,0.8578634262084961
gene_std,1.1034927368164062
gene_std,0.7579695582389832
gene_std,1.0030221939086914
gene_std,0.7736247181892395
gene_std,0.7354258894920349
gene_std,0.893118143081665
gene_std,0.8267965316772461
gene_std,0.8115513324737549
gene_std,0.7949498295783997
gene_std,0.9745988249778748
gene_std,0.8765539526939392
gene_std,0.8907769322395325
gene_std,0.8927419781684875
gene_std,0.8696231842041016
gene_std,0.9341939091682434
gene_std,0.8268045783042908
gene_std,0.9463495016098022
gene_std,0.8387623429298401
gene_std,1.2210808992385864
gene_std,0.8025949597358704
gene_std,1.0066747665405273
gene_std,0.8267435431480408
gene_std,1.0249844789505005
gene_std,0.8441949486732483
gene_std,0.7996401190757751
gene_std,0.8958178162574768
gene_std,0.7850736379623413
gene_std,0.7504870891571045
gene_std,0.8577649593353271
gene_std,0.7889978885650635
gene_std,0.8281156420707703
gene_std,0.7619421482086182
gene_std,0.7925316095352173
gene_std,0.7933779954910278
gene_std,0.7229254841804504
gene_std,0.8325340747833252
gene_std,0.775406539440155
gene_std,0.7575095891952515
gene_std,0.9195965528488159
gene_std,0.9133678674697876
gene_std,0.8085558414459229
gene_std,0.78841233253479
gene_std,0.9001665115356445
gene_std,0.7079412937164307
gene_std,0.9341884851455688
gene_std,0.7906866669654846
gene_std,0.8116628527641296
gene_std,0.8874837756156921
gene_std,0.7640437483787537
gene_std,0.8513820171356201
gene_std,0.9004952907562256
gene_std,0.7742864489555359
gene_std,0.7108342051506042
gene_std,0.7780758142471313
gene_std,0.8044458031654358
gene_std,0.7973057627677917
gene_std,0.8784498572349548
gene_std,0.9396123886108398
gene_std,0.8503073453903198
gene_std,0.9466800689697266
gene_std,0.7181246280670166
gene_std,0.7422020435333252
gene_std,0.7321802973747253
gene_std,1.0137972831726074
gene_std,0.7315592765808105
gene_std,0.756486713886261
gene_std,0.8152306079864502
gene_std,0.7750510573387146
gene_std,0.931823194026947
gene_std,0.7818376421928406
gene_std,0.8578989505767822
gene_std,0.8112455010414124
gene_std,0.7531574964523315
gene_std,0.838443398475647
gene_std,0.7876268029212952
gene_std,0.8438950181007385
gene_std,1.0721611976623535
gene_std,0.7772680521011353
gene_std,0.8184221982955933
gene_std,0.7346165180206299
gene_std,0.7778259515762329
gene_std,0.7195253372192383
gene_std,0.7527161240577698
gene_std,0.740259051322937
gene_std,0.8168990015983582
gene_std,0.7639374732971191
gene_std,0.827632486820221
gene_std,0.8907226920127869
gene_std,0.7583484649658203
gene_std,0.9104089736938477
gene_std,0.7973029017448425
gene_std,0.6888580918312073
gene_std,0.785952627658844
gene_std,0.8599147796630859
gene_std,0.7789748311042786
gene_std,0.6882944107055664
gene_std,0.9052289128303528
gene_std,0.7445189356803894
gene_std,0.7691758275032043
gene_std,0.7580839991569519
gene_std,0.758783221244812
gene_std,0.7972579002380371
gene_std,0.7663196921348572
gene_std,0.8147786259651184
gene_std,0.8148943781852722
gene_std,0.7254683375358582
gene_std,0.7613257765769958
gene_std,0.6851266622543335
gene_std,0.7511155605316162
gene_std,0.8638404607772827
gene_std,0.7311116456985474
gene_std,0.7711353302001953
gene_std,0.7508492469787598
gene_std,0.7096511721611023
gene_std,0.7902930378913879
gene_std,0.7237860560417175
gene_std,0.705622136592865
gene_std,0.7051635384559631
gene_std,0.7722297310829163
gene_std,0.7416857481002808
gene_std,0.7775488495826721
gene_std,0.7346770763397217
gene_std,0.791140079498291
gene_std,0.7429359555244446
gene_std,0.7322477102279663
gene_std,0.8164879679679871
gene_std,0.7603037357330322
gene_std,0.7026047110557556
gene_std,0.733533501625061
gene_std,0.6995677947998047
gene_std,0.7422183156013489
gene_std,0.6731894612312317
gene_std,0.7667503356933594
gene_std,0.7425031661987305
gene_std,0.7874864935874939
gene_std,0.7288227081298828
gene_std,0.7567673325538635
gene_std,0.7852497100830078
gene_std,0.7001152038574219
gene_std,0.8632593154907227
gene_std,0.7645746469497681
gene_std,0.6963515281677246
gene_std,0.786505937576294
gene_std,0.7743064761161804
gene_std,0.7363736629486084
gene_std,0.8092519640922546
gene_std,0.6674690246582031
gene_std,0.7970364093780518
gene_std,0.9484437108039856
gene_std,0.6703665852546692
gene_std,0.7973293662071228
gene_std,0.7122908234596252
gene_std,0.7381210923194885
gene_std,0.7103287577629089
gene_std,0.6971076726913452
gene_std,0.7629563808441162
gene_std,0.7388643026351929
gene_std,0.7285045981407166
gene_std,0.6858128905296326
gene_std,0.7180883884429932
gene_std,0.8099979162216187
gene_std,0.9695927500724792
gene_std,0.6644927859306335
gene_std,0.6713916063308716
gene_std,0.7156944274902344
gene_std,0.7612115144729614
gene_std,0.7982109189033508
gene_std,0.6793037056922913
gene_std,0.7766159176826477
gene_std,0.7006769776344299
gene_std,0.8126574754714966
gene_std,0.6900768876075745
gene_std,0.7397167682647705
gene_std,0.7673053741455078
gene_std,0.7612466812133789
gene_std,0.7240198254585266
gene_std,0.6900348663330078
gene_std,0.7063498497009277
gene_std,0.7342591881752014
gene_std,0.7437998652458191
gene_std,0.7093004584312439
gene_std,0.6951271891593933
gene_std,0.8174788355827332
gene_std,0.8082075715065002
